avro,parquet,pb,snappy_pb
18.73610210418701 MB,1.8862457275390625 MB,2.342060089111328 MB,0.1431751251220703 MB
